<?xml version="1.0" encoding="utf-8" ?>
<extension type="file" method="upgrade">
	<name>Bulgarian Language for n3tCookieConsent</name>
	<tag>bg-BG</tag>
	<version>4.5.0</version>
	<element>bg-BG.plg_system_n3tcookieconsent</element>
	
	<creationDate>24 November 2025</creationDate>
	<author>Plamen Penkov, with the help of Gemini</author>
	<copyright>© Copyright (C) 2025. All rights reserved</copyright>
	<license>GNU/GPL Version 2 - http://www.gnu.org/licenses/gpl-2.0.html</license>
	<description>Bulgarian language pack for n3tCookieConsent</description>
	
	<fileset>
		<files target="administrator/language/bg-BG">
			<filename>plg_system_n3tcookieconsent.ini</filename>
			<filename>plg_system_n3tcookieconsent.sys.ini</filename>
			<filename>plg_system_n3tcookieconsent.data.ini</filename>
		</files>
	</fileset>

	<updateservers>
		<server type="extension" name="Bulgarian Language for n3tConsentPlugin">https://raw.githubusercontent.com/pl71/n3tCookieConsent-lang-BG/refs/heads/main/updates.xml</server>
	</updateservers>
</extension>